title,category,slug,code_rome,salaire_median_annuel,salaire_median_horaire,niveau_education,nombre_demandeurs,nombre_offres,tension_pct,tension_desc,description,url
Développement informatique,informatique-telecoms,developpement-informatique,M1805,39976,24.88,,41060,64730,4,Favorable,Le / La Développeur(se) informatique conçoit et améliore des systèmes informatiques.\nConçoit et développe des applications informatiques selon les besoins des utilisateurs\nParticipe à l'analyse des besoins des clients et propose des solutions techniques adaptées\nRédige des documentations techniques et des guides d'utilisation pour les applications développées\nAssure la maintenance et la mise à jour des systèmes pour garantir leur efficacité et leur sécurité\nCollabore avec des équipes multidisciplinaires pour intégrer de nouvelles technologies et améliorer les processus de développement\nEffectue des tests et des validations pour s'assurer de la qualité et de la performance des applications,https://candidat.francetravail.fr/marche-du-travail/fichemetierrome?codeRome=M1805
Expertise et support en systèmes d'information,informatique-telecoms,expertise-support-systemes-information,M1802,54012,33.61,,10090,20650,4,Favorable,L'Expert / Experte systèmes et réseaux informatiques a un rôle déterminant dans la gestion et l'optimisation des infrastructures IT.\nConçoit et déploie des architectures réseau adaptées aux besoins de l'entreprise\nAssure la maintenance et la sécurité des systèmes et réseaux\nOptimise les performances des systèmes informatiques\nGère les incidents et les problèmes de réseau pour garantir une continuité de service\nConseille sur les évolutions technologiques et les meilleures pratiques en matière de réseau\nSupervise les projets d'intégration de nouveaux services ou technologies,https://candidat.francetravail.fr/marche-du-travail/fichemetierrome?codeRome=M1802
Direction des systèmes d'information,informatique-telecoms,direction-systemes-information,M1803,54012,33.61,,8390,6230,3,Neutre,Le Directeur des systèmes d'information oriente la stratégie informatique de l'entreprise pour optimiser les processus et soutenir l'innovation en lien avec les objectifs globaux\nSupervise la gestion des projets informatiques en identifiant les opportunités technologiques pour garantir l'efficacité et la qualité des systèmes d'information\nAssure la sécurité des données de l'entreprise et la conformité avec les réglementations en vigueur\nGère les ressources humaines et techniques de la direction des systèmes d'information\nCollabore avec les autres départements pour intégrer des solutions informatiques adaptées aux besoins spécifiques\nPilote l'innovation et la transformation numérique pour maintenir l'entreprise à la pointe de la technologie,https://candidat.francetravail.fr/marche-du-travail/fichemetierrome?codeRome=M1803
Administration de systèmes d'information,informatique-telecoms,administration-systemes-information,M1801,38544,23.99,,17190,20330,2,Défavorable,L'Administrateur de systèmes d'information (SI) joue un rôle crucial dans la gestion et la sécurité des infrastructures informatiques d'une entreprise.\nGère et maintient les systèmes d'information et l'infrastructure réseau de l'entreprise\nAssure la sécurité des données et des accès au système d'information\nMet à jour les systèmes et logiciels pour garantir leur efficacité et leur sécurité\nSupervise les sauvegardes régulières des données pour prévenir les pertes d'information\nCollabore avec les différents départements pour optimiser les processus et l'utilisation des systèmes d'information\nFournit un support technique et forme les utilisateurs aux nouvelles technologies et systèmes,https://candidat.francetravail.fr/marche-du-travail/fichemetierrome?codeRome=M1801
Études et développement de réseaux de télécoms,informatique-telecoms,etudes-developpement-reseaux-telecoms,M1804,63732,39.66,,9810,10340,4,Favorable,"Réalise et développe les architectures, les solutions techniques de réseaux de télécommunications (téléphonie, multimédia, informatique, ...), selon les besoins et la stratégie de l'entreprise ou du client.\nPeut coordonner une équipe ou un projet.",https://candidat.francetravail.fr/marche-du-travail/fichemetierrome?codeRome=M1804
Conseil et maîtrise d'ouvrage en systèmes d'information,informatique-telecoms,conseil-maitrise-ouvrage-systemes-information,M1806,54012,33.61,,18190,22930,4,Favorable,Le Consultant fonctionnel des systèmes d'information optimise et adapte les systèmes informatiques aux besoins des entreprises\nAnalyse les besoins des clients pour déterminer les exigences fonctionnelles des systèmes\nConçoit et adapte des solutions informatiques pour répondre aux besoins spécifiques\nAssure l'interface entre les équipes techniques et les utilisateurs finaux pour garantir une compréhension claire des objectifs et des solutions apportées\nForme les utilisateurs aux nouvelles applications et systèmes\nSupervise l'implémentation des solutions et en vérifie la conformité\nPropose des améliorations continues des systèmes pour augmenter l'efficacité et la performance,https://candidat.francetravail.fr/marche-du-travail/fichemetierrome?codeRome=M1806
Comptabilité,gestion-administration,comptabilite,M1203,43156,26.86,,101750,335800,4,Favorable,Le Comptable assure la fiabilité des comptes d'une entreprise.\nEnregistre et centralise les données commerciales et financières dans les comptes d'une entreprise\nÉtablit les bilans et comptes de résultat\nAssure le suivi de la trésorerie et réalise les rapprochements bancaires\nPrépare et déclare les taxes et impôts\nParticipe à l'élaboration des budgets prévisionnels\nPeut superviser une équipe de comptables ou de gestionnaires financiers,https://candidat.francetravail.fr/marche-du-travail/fichemetierrome?codeRome=M1203
Contrôle de gestion,gestion-administration,controle-de-gestion,M1204,60636,37.73,,34600,42690,4,Favorable,"Acteur clé dans la stratégie financière de l'entreprise,  Le Contrôleur de gestion optimise la performance économique de l'organisation.\nAnalyse les performances financières de l'entreprise et propose des axes d'amélioration\nÉlabore les budgets prévisionnels en collaboration avec les différents services\nSuit et analyse les écarts entre les prévisions et les réalisations\nOptimise les coûts et les processus internes pour améliorer la rentabilité\nRéalise des reportings réguliers à la direction",https://candidat.francetravail.fr/marche-du-travail/fichemetierrome?codeRome=M1204
Direction administrative et financière,gestion-administration,direction-administrative-financiere,M1205,60636,37.73,,33500,20880,2,Défavorable,"Le Directeur des services administratifs et financiers gère la stratégie financière et administrative de l'entreprise.\nSupervise la gestion financière et comptable de l'entreprise\nOptimise les processus administratifs pour améliorer l'efficacité opérationnelle\nAssure la conformité réglementaire des opérations financières\nGère les budgets, prévisions financières et rapports d'activité\nDirige les équipes administratives et financières\nNégocie avec les partenaires financiers et supervise les audits externes",https://candidat.francetravail.fr/marche-du-travail/fichemetierrome?codeRome=M1205
Assistanat de direction,gestion-administration,assistanat-de-direction,M1604,35352,22.00,,127520,52630,1,Très défavorable,"Assiste un ou plusieurs responsable(s) (cadre dirigeant, directeur,...) afin d'optimiser la gestion de leur activité (gestion de planning, organisation de déplacements, communication, préparation de réunions, accueil, ...). Organise et coordonne les informations internes et externes, parfois confidentielles, liées au fonctionnement de la structure.\nPeut prendre en charge le suivi complet de dossiers (contrats de maintenance des équipements, suivi de relance clients, gestion administrative du personnel ...) ou d'évènements spécifiques (organisation de séminaires, salons, ...).\nPeut coordonner une équipe.",https://candidat.francetravail.fr/marche-du-travail/fichemetierrome?codeRome=M1604
Secrétariat,gestion-administration,secretariat,M1607,31746,19.75,,536080,103310,1,Très défavorable,"Réalise le traitement administratif de dossiers (frappe de courrier, mise en forme de document, ...) et transmet les informations (e-mail, notes, fax, ...) pour le compte d'un ou plusieurs services ou d'un responsable selon l'organisation de l'entreprise.\nPeut prendre en charge le suivi complet de dossiers (contrats de maintenance des équipements, de la structure, ...).\nPeut coordonner une équipe.",https://candidat.francetravail.fr/marche-du-travail/fichemetierrome?codeRome=M1607
Médecine généraliste et spécialisée,sante,medecine-generaliste-specialisee,J1102,73404,45.68,,5260,72320,5,Très favorable,"Le médecin généraliste assure un suivi médical personnalisé pour chaque patient.\nDiagnostique et traite les maladies courantes et les pathologies diverses\nAssure le suivi médical des patients de tous âges, de la naissance à la vieillesse\nOriente les patients vers des spécialistes lorsque nécessaire\nRéalise des actes de prévention et de dépistage pour maintenir la santé publique\nPeut pratiquer des soins spécifiques \nGère les urgences médicales et assure une continuité des soins",https://candidat.francetravail.fr/marche-du-travail/fichemetierrome?codeRome=J1102
Soins infirmiers généralistes,sante,soins-infirmiers-generalistes,J1506,40428,25.16,,71080,254790,5,Très favorable,"L’infirmier en soins généraux (IDE) dispense des soins de nature préventive, curative, ou palliative visant à promouvoir, maintenir, améliorer ou rétablir la santé de la personne accompagnée ou du patient.\nEvalue une situation clinique et établit un diagnostic dans le domaine infirmier\nCoordonne et organise les activités en collaboration avec l’équipe soignante\nRéalise les soins prescrits et surveille ses effets\nEvalue et transmet les éléments liés à la situation clinique au médecin, et en assure la traçabilité \nAccompagne et instaure une communication avec le patient, son entourage et l’équipe pluridisciplinaire\nAssure une veille professionnelle et contribue à la recherche en soins infirmiers\nInforme et forme des professionnels et des étudiants\nRéajuste les soins, sous la supervision du médecin",https://candidat.francetravail.fr/marche-du-travail/fichemetierrome?codeRome=J1506
Aide-soignant,sante,aide-soignant,J1501,31500,19.60,,213830,233300,4,Favorable,"L'aide-soignant apporte un soutien aux patients ou aux personnes accompagnées, en offrant des soins de proximité et un accompagnement personnalisé, sous la supervision de l’infirmier.\nAssure les soins du quotidien, de confort et de bien-être des patients\nRéalise des soins aigus si besoin en lien avec le protocole ou la prescription médicale\nDispense des soins de prévention et d'éducation à la santé\nMaintient un environnement propre et sécurisé pour le patient \nAssure le lien entre patient, famille et équipe pluridisciplinaire",https://candidat.francetravail.fr/marche-du-travail/fichemetierrome?codeRome=J1501
Pharmacie,sante,pharmacie,J1202,56700,35.28,,21620,34690,5,Très favorable,"Le pharmacien est un acteur essentiel du système de soins, exerçant en officine, à l’hôpital, en industrie, en recherche ou en biologie médicale. \nAssure la délivrance et la préparation des médicaments tout en accompagnant les patients dans leur traitement\nParticipe à la prévention et veille à la sécurisation de la prise en charge médicamenteuse\nGarantit la qualité et la sécurité des médicaments, de leur conception à leur commercialisation dans l’industrie\nDéveloppe de nouveaux traitements en recherche pharmaceutique\nAnalyse des prélèvements pour le diagnostic et le suivi des patients en biologie médicale",https://candidat.francetravail.fr/marche-du-travail/fichemetierrome?codeRome=J1202
Kinésithérapie,sante,kinesitherapie,J1404,36120,22.48,,7280,36730,5,Très favorable,"Le Kinésithérapeute joue un rôle indispensable dans la réhabilitation physique et le bien-être des patients.\nÉvalue les capacités motrices, sensorielles et cognitives d'un patient\nRééduque et réadapte les déficiences motrices ainsi que les limitations fonctionnelles de la personne selon la prescription médicale \nUtilise des techniques manuelles ou instrumentales pour améliorer la mobilité et réduire les déficiences\nConçoit et met en œuvre des programmes de rééducation personnalisés pour chaque patient\nCollabore avec d'autres professionnels de santé pour assurer une prise en charge globale du patient\nPeut diriger un cabinet",https://candidat.francetravail.fr/marche-du-travail/fichemetierrome?codeRome=J1404
Enseignement général du second degré,enseignement-formation,enseignement-general-second-degre,K2107,38892,24.20,,96610,70870,3,Neutre,"Le Professeur de collège et de lycée est un pilier du développement intellectuel et personnel des jeunes. \nIl dispense des cours adaptés aux programmes scolaires en fonction des niveaux d'enseignement \nÉvalue les progrès et les connaissances des élèves à travers des examens et des contrôles continus \nPrépare les élèves aux diplômes et aux orientations futures en leur fournissant les outils nécessaires \nContribue à l'éducation à la citoyenneté et au développement personnel des élèves \nParticipe activement à la vie scolaire, notamment en collaborant avec les autres membres de l'équipe pédagogique \nAdapte ses méthodes pédagogiques aux besoins spécifiques de ses élèves pour optimiser leur apprentissage",https://candidat.francetravail.fr/marche-du-travail/fichemetierrome?codeRome=K2107
Enseignement supérieur,enseignement-formation,enseignement-superieur,K2108,51288,31.92,,30450,2720,1,Très défavorable,Le Professeur des universités inspire et transmet le savoir à la nouvelle génération d'étudiants.\nEnseigne diverses disciplines académiques aux étudiants de l'université\nConduit des recherches dans son domaine de spécialité et publie ses découvertes\nSupervise les thèses de doctorat et guide les étudiants dans leurs recherches\nParticipe à des conférences académiques pour partager et enrichir ses connaissances\nContribue à l'administration de l'université et à l'élaboration des programmes d'études\nCollabore avec des institutions académiques internationales pour des échanges de connaissances et de ressources,https://candidat.francetravail.fr/marche-du-travail/fichemetierrome?codeRome=K2108
Formation professionnelle,enseignement-formation,formation-professionnelle,K2111,31332,19.50,,136010,43600,3,Neutre,"Le Formateur conçoit et réalise la transmission de connaissances théoriques, pratiques et professionnelles spécialisées, généralement auprès de publics salariés ou demandeurs d'emploi.\nConçoit et anime des sessions de formation adaptées aux besoins des apprenants\nÉvalue les acquis des participants et ajuste les programmes en fonction des résultats\nUtilise des outils pédagogiques variés pour faciliter l'apprentissage et maintenir l'engagement\nAccompagne les apprenants dans la mise en pratique de leurs nouvelles compétences\nMet à jour régulièrement ses connaissances pour garantir la pertinence des formations dispensées\nPeut se spécialiser dans divers domaines tels que les langues, le secourisme, ou l'informatique pour répondre à des besoins spécifiques",https://candidat.francetravail.fr/marche-du-travail/fichemetierrome?codeRome=K2111
Enseignement des écoles,enseignement-formation,enseignement-des-ecoles,K2106,36480,22.70,,48070,5630,2,Défavorable,"Le professeur des écoles éduque les jeunes esprits et façonne l'avenir. \nIl enseigne des matières fondamentales telles que le français, les mathématiques, l'histoire et les sciences \nIl prépare les cours et établit les programmes d'enseignement conformément aux directives nationales \nIl évalue les progrès des élèves et fournit des retours constructifs pour soutenir leur développement\nIl organise et anime des activités pédagogiques pour stimuler l'apprentissage \nIl collabore avec les parents et les collègues pour favoriser un environnement éducatif positif \nIl participe à des formations continues pour se tenir à jour sur les innovations pédagogiques et les réformes éducatives",https://candidat.francetravail.fr/marche-du-travail/fichemetierrome?codeRome=K2106
Maçonnerie,batiment-travaux-publics,maconnerie,F1703,26502,16.49,,186560,109530,5,Très favorable,"Construit des murs, des façades, des cloisons, par maçonnage d'éléments portés (parpaings, briques, pierres, carreaux de plâtre, ...) selon les règles de sécurité. Maçonne des structures horizontales (chapes, dalles, ...), réalise différents coffrages et éléments de ferraillage, effectue l'étanchéité et l'isolation des locaux. Peut construire des ouvrages particuliers tels que des piscines, des ouvrages paysagers, des monuments funéraires, ... Peut avoir en charge l'approvisionnement, le rangement et le maintien en propreté du chantier. Peut encadrer une petite équipe.",https://candidat.francetravail.fr/marche-du-travail/fichemetierrome?codeRome=F1703
Électricité bâtiment,batiment-travaux-publics,electricite-batiment,F1602,26556,16.53,,149600,109630,5,Très favorable,"L’électricien du bâtiment est chargé de la conception, de la mise en œuvre, de la maintenance et de l'optimisation d’une installation d’électricité à basse tension d'un bâtiment. \nRéalise des travaux d'installation et de mise en service des équipements électriques dans des bâtiments à usage domestique, tertiaire ou industriel selon les règles de sécurité\nCâble et raccorde des installations très basse tension (TBT) (téléphonie, informatique, alarmes, ...)\nEffectue des travaux de dépannage et de maintenance\nEffectue les travaux pour l’installation des énergies renouvelables (EnR)\nGère des coupures d'électricité et la coordination des interventions pour les rétablir\nContrôle de la conformité des installations aux normes de sécurité et aux réglementations en vigueur\nSuit des indicateurs de performance énergétique de l’installation et propose des solutions d'amélioration",https://candidat.francetravail.fr/marche-du-travail/fichemetierrome?codeRome=F1602
"Plomberie, chauffage",batiment-travaux-publics,plomberie-chauffage,F1603,27018,16.81,,62190,49770,5,Très favorable,"Le Plombier sanitaire installe, répare et entretient les systèmes de plomberie dans les bâtiments, que ce soit des habitations, des locaux commerciaux, ou des établissements publics.\nInstalle et répare les canalisations d'eau en respectant les normes de sécurité\nRéalise le montage et la mise en service des installations sanitaires \nDiagnostique et résout les problèmes de plomberie et de fuites\nAssure la maintenance préventive et corrective des équipements sanitaires\nConseille les clients sur les meilleures solutions en matière de plomberie et d'installation sanitaire\nPeut gérer son propre commerce de plomberie et développer sa clientèle",https://candidat.francetravail.fr/marche-du-travail/fichemetierrome?codeRome=F1603
Conduite de travaux du BTP,batiment-travaux-publics,conduite-travaux-btp,F1201,48468,30.16,,43640,82610,5,Très favorable,"Le Conducteur de travaux du bâtiment supervise un ou plusieurs chantiers, de construction ou de rénovation, dont ils coordonne l'organisation, la qualité et la sécurité jusqu'à l'achèvement des travaux.\nDéfinit et organise les moyens de production (équipes, matériels, matériaux)\nPlanifie et supervise les différentes étapes du chantier\nCoordonne le travail des équipes et des sous-traitants\nAssure le respect des normes de sécurité et des réglementations en vigueur\nOptimise les coûts et les délais de réalisation des travaux\nManage une ou plusieurs équipes et gère la communication entre les différents intervenants du projet\nContrôle la qualité des travaux réalisés",https://candidat.francetravail.fr/marche-du-travail/fichemetierrome?codeRome=F1201
Peinture en bâtiment,batiment-travaux-publics,peinture-en-batiment,F1606,25314,15.75,,205470,43060,3,Neutre,"Prépare les supports et réalise les travaux de peinture, de finition et de décoration en intérieur, sur les murs et plafonds.\nTravaille en chantier neuf ou de rénovation.\nSelon le chantier, peut avoir à réaliser des activités annexes telles que la pose ou dépose d'éléments (sanitaires, cloisons, sols souples) ou la peinture en extérieur.",https://candidat.francetravail.fr/marche-du-travail/fichemetierrome?codeRome=F1606
Vente en habillement et accessoires de la personne,commerce-vente,vente-habillement-accessoires,D1214,25188,15.67,,513220,58280,1,Très défavorable,"Réalise la vente d'articles destinés à l'équipement et à l'hygiène de la personne (vêtements, chaussures, bijoux, sacs à main, parfums, ...) auprès d'une clientèle de particuliers selon la réglementation du commerce, la stratégie et les objectifs commerciaux de l'entreprise.\nPeut proposer des services complémentaires à la vente (retouches, cartes de fidélité, ...).\nPeut coordonner une équipe.",https://candidat.francetravail.fr/marche-du-travail/fichemetierrome?codeRome=D1214
Relation commerciale grands comptes et entreprises,commerce-vente,relation-commerciale-grands-comptes,D1402,41052,25.55,,42290,45050,3,Neutre,"Un commercial grands comptes et entreprises est un professionnel chargé de la gestion et du développement des relations avec les clients importants, souvent appelés ""grands comptes"". \nIdentifie et démarche les entreprises potentiellement intéressées par les produits ou services\nNégocie les contrats en veillant à la rentabilité des accords pour l'entreprise\nAssure le suivi des comptes clients pour garantir leur satisfaction et développer leur fidélité\nAnalyse les tendances du marché pour adapter l'offre commerciale\nCollabore avec les équipes de marketing et de production pour concevoir des offres sur mesure\nParticipe à des salons professionnels et des conférences pour représenter l'entreprise et étendre son réseau professionnel",https://candidat.francetravail.fr/marche-du-travail/fichemetierrome?codeRome=D1402
Management de magasin de détail,commerce-vente,management-magasin-detail,D1301,51888,32.29,,4770,6300,1,Très défavorable,Le gérant de magasin d'alimentation générale orchestre la gestion quotidienne et la performance globale du magasin \nSupervise l'organisation du magasin et l'agencement des produits\nAssure le respect des normes d'hygiène et de sécurité alimentaire\nRecrute et encadre une équipe de vente en planifiant les activités quotidiennes\nDéveloppe des stratégies de vente pour atteindre les objectifs commerciaux et satisfaire la clientèle\nGère les stocks et approvisionnements pour garantir la disponibilité des produits\nMaintient une relation de qualité avec les fournisseurs et négocie les achats,https://candidat.francetravail.fr/marche-du-travail/fichemetierrome?codeRome=D1301
Mise en rayon libre-service,commerce-vente,mise-en-rayon-libre-service,D1507,24504,15.25,,615140,190730,1,Très défavorable,"L'Employé de rayon libre-service est en charge de la présentation, la mise en rayon des produits et la gestion de l’espace de vente dans un magasin.\nApprovisionne et organise les produits en rayon selon la politique du magasin\nVeille à la propreté et à l'ordre de son espace de travail pour garantir un environnement agréable\nContrôle les dates de péremption, la signalétique des prix et retire les produits non conformes\nRenseigne et oriente les clients dans le magasin pour faciliter leurs achats\nParticipe aux inventaires et à la gestion des stocks pour optimiser la disponibilité des produits\nPeut effectuer des opérations de caisse et contribuer à l'accueil des clients",https://candidat.francetravail.fr/marche-du-travail/fichemetierrome?codeRome=D1507
Téléconseil et télévente,commerce-vente,teleconseil-televente,D1408,25644,15.96,,104330,58890,2,Défavorable,"Le conseiller clientèle à distance est un professionnel qui aide et renseigne les clients par des moyens de communication à distance, tels que le téléphone, les courriels, les chats en ligne, ou les réseaux sociaux. \nRépond aux demandes d'information et résout les problèmes des clients\nPropose des produits et services adaptés aux besoins des clients pour améliorer leur satisfaction\nGère les réclamations des clients de manière professionnelle et efficace\nAssure le suivi des dossiers clients pour garantir une qualité de service continue\nParticipe à l'amélioration des procédures de service client en fournissant des retours d'expérience\nMaintient à jour ses connaissances sur les produits et services proposés par l'entreprise",https://candidat.francetravail.fr/marche-du-travail/fichemetierrome?codeRome=D1408
Journalisme et information média,communication-media,journalisme-information-media,E1106,49380,30.73,,45110,1060,1,Très défavorable,"Le journaliste fournit des reportages multi-support et  multi-canal selon le titre pour lequel il travaille.\nRédige des articles, reportages, interviews ou commentaires sur des événements actuels\nVérifie l'exactitude des informations et respecte les délais de publication\nAdapte le contenu pour différents supports médiatiques tels que la presse écrite, la radio, la télévision et le web\nCollabore avec des photographes, des vidéastes et d'autres journalistes pour enrichir le contenu des reportages\nParticipe à des conférences de presse et des événements pour collecter des informations de première main\nMaintient un réseau de contacts pour accéder rapidement à des informations fiables",https://candidat.francetravail.fr/marche-du-travail/fichemetierrome?codeRome=E1106
Conception de contenus multimédias,communication-media,conception-contenus-multimedias,E1104,34680,21.58,,4230,350,1,Très défavorable,"Le Concepteur de contenus multimédia crée, développe et intègre des éléments visuels, sonores et interactifs pour des supports numériques tels que des sites web, des applications, des jeux ou des vidéos.\nConçoit et réalise des contenus multimédia adaptés aux besoins des clients ou du public cible\nCollabore avec des équipes multidisciplinaires pour développer des projets de communication visuelle et interactive\nUtilise des logiciels de création graphique, vidéo et audio pour produire des contenus de haute qualité\nAssure la mise à jour et l'optimisation des contenus existants pour améliorer l'engagement utilisateur\nPeut gérer des projets de A à Z, de la conception initiale à la livraison finale\nPeut former et superviser des équipes moins expérimentées dans la création de contenus multimédia",https://candidat.francetravail.fr/marche-du-travail/fichemetierrome?codeRome=E1104
Communication,communication-media,communication,E1103,43032,26.78,,30120,5100,1,Très défavorable,"Le Chargé des relations publiques contribue à valoriser l'image et les intérêts d'une organisation par la conception et la mise en œuvre d'actions de communication et de diffusion de l'information.\nÉlabore et met en œuvre la stratégie de communication externe pour promouvoir l'image de l'entreprise\nRédige des communiqués et dossiers de presse pour informer et influencer les médias\nOrganise des événements, conférences et rencontres pour renforcer les relations avec les publics cibles\nGère les crises en communiquant de manière efficace pour protéger la réputation de l'organisation\nDéveloppe et entretient des réseaux de contacts influents dans les médias, l'industrie et les institutions\nAnalyse les retombées médiatiques et ajuste les stratégies de communication en conséquence",https://candidat.francetravail.fr/marche-du-travail/fichemetierrome?codeRome=E1103
"Traduction, interprétariat",communication-media,traduction-interpretariat,E1108,31932,19.87,,18710,560,2,Défavorable,"Le traducteur est un expert linguiste qui transpose les textes d'une langue à une autre, la langue cible étant sa langue natale. \nTraduit des documents tout en préservant le sens, le contexte et le style de la langue source\nAdapte des contenus culturels, techniques ou scientifiques pour les rendre accessibles à un public ciblé\nAssure la qualité linguistique et la cohérence des textes traduits\nRépond aux besoins de clients pour fournir des traductions personnalisées\nPeut se spécialiser dans des domaines spécifiques tels que la traduction juridique, technique ou littéraire",https://candidat.francetravail.fr/marche-du-travail/fichemetierrome?codeRome=E1108
Création en arts plastiques,arts-spectacles,creation-arts-plastiques,B1101,40464,25.18,,28860,730,1,Très défavorable,"Conçoit et réalise ou supervise la réalisation d'oeuvres plastiques (sculpture, peinture, installation artistique, ...) sur un thème imposé ou non.\nPeut organiser des expositions, mener des actions d'animation ou de formation.\nPeut coordonner une équipe.",https://candidat.francetravail.fr/marche-du-travail/fichemetierrome?codeRome=B1101
Design industriel,arts-spectacles,design-industriel,H1204,34680,21.58,,18100,3790,1,Très défavorable,"Le designer est un professionnel créatif qui conçoit des produits en tenant compte de l'esthétique et de la fonctionnalité.\nCollabore avec des équipes multidisciplinaires pour intégrer ses designs dans des projets plus larges après analyse des tendances du marché et les besoins des utilisateurs\nCommunique ses idées et ajuste son design en fonction du planning, du budget et retour des clients\nPeut se spécialiser dans des domaines spécifiques comme le design automobile ou le design de mobilier\nAssure la conformité des produits finis avec les exigences des clients et les normes de sécurité",https://candidat.francetravail.fr/marche-du-travail/fichemetierrome?codeRome=H1204
Artistes de la musique et du chant,arts-spectacles,artistes-musique-chant,L1202,40776,25.37,,154750,1030,1,Très défavorable,"Interprète vocalement et instrumentalement des oeuvres musicales (symphonies, concerto, chansons, ...) lors de représentations (concerts, opéra, comédies musicales, festivals, bals, ...), d'enregistrements (radio, télévision, ...), selon les impératifs de tournage, de programmation.\nPeut composer les paroles, la mélodie d'une oeuvre musicale.",https://candidat.francetravail.fr/marche-du-travail/fichemetierrome?codeRome=L1202
Conduite de transport de marchandises sur longue distance,transport-logistique,conduite-transport-marchandises-longue-distance,N4101,29796,18.54,,290860,173790,3,Neutre,"Le conducteur de poids lourds conduit, en sécurité un véhicule du groupe lourd (véhicule porteur) nécessitant les permis C ou C1, de façon autonome et optimisée dans le contexte commercial de l'entreprise, pour acheminer d’un point d’enlèvement à un point de livraison des marchandises en courte ou longue distance. \nParticipe à la protection de l’environnement en adoptant les principes d’écoconduite\nRespecte les délais, la réglementation en vigueur notamment en matière de temps de conduite et de repos, la réglementation routière, la sécurité et les procédures de l’entreprise\nPrépare et organise sa mission\nContrôle l’état de fonctionnement du véhicule et de ses équipements, la présence et la validité des documents obligatoires et signale toute anomalie\nPeut charger et décharger les marchandises ou superviser les opérations de manutention tout en veillant à leur sécurité et à leur intégrité\nRenseigne ou fait renseigner les documents de transport\nMaintient une communication régulière avec le service exploitation pour signaler tout incident\nReprésente l’image de marque de l’entreprise dans ses relations avec les expéditeurs et destinataires",https://candidat.francetravail.fr/marche-du-travail/fichemetierrome?codeRome=N4101
Conduite de transport en commun sur route,transport-logistique,conduite-transport-commun-route,N4103,31224,19.43,,87320,47190,5,Très favorable,Le Conducteur de bus assure un transport sûr et confortable des passagers à travers la ville et les zones interurbaines.\nConduit des bus sur des itinéraires prédéfinis tout en respectant les horaires établis\nAssure la sécurité des passagers durant le trajet\nVérifie l'état technique du véhicule avant le départ et signale toute anomalie\nVend et contrôle les titres de transport\nInforme les passagers sur les itinéraires et les arrêts\nGère les situations d'urgence et les comportements difficiles des passagers\nAccueille les passagers\nCommunique avec la régulation sur l’état du trafic,https://candidat.francetravail.fr/marche-du-travail/fichemetierrome?codeRome=N4103
Magasinage et préparation de commandes,transport-logistique,magasinage-preparation-commandes,N1103,30244,18.82,,502470,133470,1,Très défavorable,"Le Préparateur de commandes assure l'efficacité et la précision du traitement des demandes logistiques et le conditionnement de produits avant expédition vers les partenaires ou clients de l'entreprise.\nPrépare les commandes des clients selon les procédures de l'entreprise\nUtilise des systèmes informatiques pour le suivi des articles\nEmballe, étiquette et expédie les commandes de manière sécurisée\nMaintient la propreté et l'organisation de l'entrepôt\nRéceptionne, vérifie et stocke les produits ou marchandises\nPeut utiliser des équipements de manutention pour déplacer les marchandises",https://candidat.francetravail.fr/marche-du-travail/fichemetierrome?codeRome=N1103
Cuisine,hotellerie-restauration,cuisine,G1602,24918,15.51,,147080,72520,4,Favorable,"Le Commis de cuisine, un acteur essentiel dans la préparation des mets et la production en cuisine.\nAssiste les cuisiniers, chefs de partie dans la préparation des plats\nPrépare les ingrédients nécessaires à la confection des recettes\nMaintient la propreté des plans de travail et des ustensiles de cuisine\nParticipe à la réception et au stockage des marchandises\nApplique les normes d'hygiène et de sécurité alimentaire\nPeut aider à la mise en place des plats pour le service",https://candidat.francetravail.fr/marche-du-travail/fichemetierrome?codeRome=G1602
Service en restauration,hotellerie-restauration,service-en-restauration,G1603,23580,14.67,,175480,161510,2,Défavorable,"L'Équipier polyvalent de restauration rapide travaille principalement en fast-food, garantissant un service rapide et de qualité.\nAssure la préparation et la vente de produits alimentaires selon les normes d'hygiène\nGère les commandes et le stock de produits frais\nMaintient la propreté des équipements et du lieu de travail\nPeut effectuer des livraisons en respectant les délais promis\nFournit un service clientèle rapide et courtois\nParticipe à la gestion quotidienne du restaurant ou du point de vente",https://candidat.francetravail.fr/marche-du-travail/fichemetierrome?codeRome=G1603
Management d'hôtel-Loss,hotellerie-restauration,management-hotel-restaurant,G1402,44040,27.41,,11120,13360,3,Neutre,"Le Directeur d'établissement en hôtellerie-restauration orchestre avec brio la gestion et le développement de son établissement, assurant une expérience client de premier ordre.\nDirige et coordonne les activités de l'hôtel ou du restaurant pour garantir un service de qualité\nSupervise la gestion financière et administrative de l'établissement, incluant la budgétisation et la comptabilité\nOptimise les opérations pour améliorer l'efficacité et maximiser les profits\nAssure le respect des normes d'hygiène, de sécurité et de réglementation en vigueur\nDéveloppe des stratégies de marketing pour promouvoir l'établissement et attirer une clientèle variée\nGère et forme le personnel pour maintenir un haut niveau de service client",https://candidat.francetravail.fr/marche-du-travail/fichemetierrome?codeRome=G1402
Boulangerie - viennoiserie,hotellerie-restauration,boulangerie-viennoiserie,D1102,28014,17.43,,55550,69190,3,Neutre,"Le Boulanger, artisan essentiel de notre quotidien, transforme et valorise les matières premières pour régaler nos papilles.\nPrépare et réalise des produits de boulangerie et de viennoiserie selon les règles d'hygiène et de sécurité alimentaires\nConçoit de nouvelles recettes de pains et viennoiseries pour diversifier l'offre\nGère les stocks de matières premières et commande les fournitures nécessaires\nAssure la cuisson optimale de chaque produit pour garantir la meilleure qualité\nPeut effectuer la vente de produits de boulangerie et viennoiserie\nPeut gérer un commerce de détail alimentaire (boulangerie, boulangerie-pâtisserie, ...)",https://candidat.francetravail.fr/marche-du-travail/fichemetierrome?codeRome=D1102
Droit des affaires,droit-justice,droit-des-affaires,K1903,55836,34.75,,75390,51380,2,Défavorable,"Le Juriste est garant des intérêts légaux et réglementaires.\nConseille et assiste les clients ou l'entreprise sur des questions juridiques variées\nRédige et valide des contrats, des accords et d'autres documents légaux\nReprésente l'entreprise ou les clients lors de litiges ou de négociations\nVeille au respect des normes légales et réglementaires en vigueur\nAnalyse les risques juridiques liés aux activités de l'entreprise ou des clients\nEffectue une veille juridique pour anticiper les évolutions législatives et réglementaires",https://candidat.francetravail.fr/marche-du-travail/fichemetierrome?codeRome=K1903
Collaboration juridique,droit-justice,collaboration-juridique,K1902,70476,43.86,,14370,3120,3,Neutre,"Les missions principales\nRéalise l'appui administratif (courrier, recherche d'information, constitution d'un fonds documentaire, ...) d'un professionnel du droit (notaire, huissier, ...) ou d'une entreprise.\nRédige des actes ou des documents à valeur juridique.\nPeut authentifier des actes juridictionnels (interrogatoire, reconstitution, ...).\nPeut établir des constats (états des lieux, adultères, dégâts divers, ...).\nPeut participer à l'organisation et à l'animation d'une vente aux enchères publiques.\nPeut coordonner une équipe.",https://candidat.francetravail.fr/marche-du-travail/fichemetierrome?codeRome=K1902
Agriculture et pêche,agriculture-peche,cultures-de-plein-champ,A1101,27228,16.94,,15000,12980,4,Favorable,"Réalise des travaux agricoles mécanisés. \nAménage et prépare les terrains, assure le labourage, le désherbage, les semis et récolte la production.\nUtilise différentes machines (tracteur, moissonneuse-batteuse, ensileuse) et en assure l'entretien et la maintenance de premier niveau.",https://candidat.francetravail.fr/marche-du-travail/fichemetierrome?codeRome=A1101
Élevage bovin ou équin,agriculture-peche,elevage-bovin-equin,A1407,23940,14.90,,3050,560,3,Neutre,"L'éleveur ou éleveuse de bovins, assure les soins nécessaires à la conduite de l'élevage en fonction des objectifs de production et dans le respect du bien-être animal.\nGère et surveille la santé et le développement des bovins au quotidien\nAssure l'alimentation et l'hydratation des animaux selon leurs besoins spécifiques\nRéalise les opérations de reproduction et suit le développement des veaux\nMaintient les installations et les équipements d'élevage en bon état\nCommercialise les produits issus de l'élevage, tels que la viande et le lait\nPeut cultiver les plantes destinées à l'alimentation des animaux (fourrages, céréales, ...)\nPeut encadrer une équipe et gérer une activité",https://candidat.francetravail.fr/marche-du-travail/fichemetierrome?codeRome=A1407
Entretien des espaces verts,agriculture-peche,entretien-espaces-verts,A1203,24504,15.25,,267510,50900,2,Défavorable,"L'agent d'entretien des espaces verts maintient la propreté, embellit les espaces verts, les parcs et jardins et participe à la préservation de l'environnement.\nRéalise des opérations de plantation, de taille et d'élagage pour favoriser la croissance et la santé des végétaux\nEffectue la tonte et le ramassage des feuilles\nApplique les traitements phytosanitaires nécessaires pour préserver les plantes des maladies et des parasites\nAssure la propreté des lieux en ramassant les déchets et en effectuant des travaux de nettoyage\n",https://candidat.francetravail.fr/marche-du-travail/fichemetierrome?codeRome=A1203
Analyses médicales,sante,analyses-medicales,J1302,34344,21.37,,11110,13080,5,Très favorable,"Réalise et traite des prélèvements biologiques en vue d'analyses biomédicales selon la prescription médicale, dans un objectif de diagnostic, dépistage, traitement, prévention ou de recherche. \nPeut réaliser des prélèvements biologiques spécifiques (sang, sécrétions, ...).",https://candidat.francetravail.fr/marche-du-travail/fichemetierrome?codeRome=J1302
Études actuarielles en assurances,banque-assurance,etudes-actuarielles-assurances,C1105,48996,30.49,,2450,2200,2,Défavorable,"Evalue à court, moyen et long terme la rentabilité des produits d'assurances (santé, habitation, automobile, ...), des produits financiers (assurance vie, épargne, ...) en fonction de l'évolution de l'environnement (espérance de vie, mortalité, cours des marchés, ...) et selon la réglementation de l'assurance et la stratégie commerciale de l'entreprise. \nPeut coordonner ou effectuer le contrôle de gestion d'actifs d'une structure. \nPeut coordonner une équipe.",https://candidat.francetravail.fr/marche-du-travail/fichemetierrome?codeRome=C1105
Gestion en banque et assurance,banque-assurance,gestion-banque-assurance,C1206,37992,23.64,,43260,32380,3,Neutre,"Assure le conseil, la promotion et la vente des produits et services financiers de son établissement, auprès d'une clientèle de particuliers, de professionnels et d'entreprises, selon la réglementation bancaire.\nPeut réaliser des analyses de marché d'entreprises. Peut accorder ou refuser des demandes de prêts.\nPeut aussi proposer des produits d'assurances.",https://candidat.francetravail.fr/marche-du-travail/fichemetierrome?codeRome=C1206
Conseil clientèle en assurances,banque-assurance,conseil-clientele-assurances,C1102,35346,22.00,,31860,35660,2,Défavorable,"Informe et conseille des particuliers, des entreprises, ... en matière d'assurance de biens et de personnes (incendie, accidents, retraite, prévoyance, ...). Procède à la vente de produits et services selon la politique commerciale de l'établissement et la réglementation de l'assurance. \nPeut réaliser le montage technique (projet de tarification, ...) et administratif des contrats.\nPeut promouvoir des produits et services bancaires.",https://candidat.francetravail.fr/marche-du-travail/fichemetierrome?codeRome=C1102
Études et prospectives socio-économiques,services-collectivite,etudes-prospectives-socio-economiques,K1401,49992,31.11,,2430,1140,,,"Participe à la définition et à la conception des politiques des pouvoirs publics et coordonne les actions de l'Etat dans les services déconcentrés (en région, dans les départements).\nPeut contrôler et évaluer la mise en oeuvre des politiques des pouvoirs publics.",https://candidat.francetravail.fr/marche-du-travail/fichemetierrome?codeRome=K1401
Action sociale,services-collectivite,action-sociale,K1201,32352,20.13,,25370,37220,3,Neutre,"L'assistant social intervient auprès de personnes confrontées à diverses difficultés : économiques, d'insertion, familiales, de santé et de logement.\nAnalyse les situations, les besoins des individus et des familles pour leur proposer des solutions adaptées et durables\nOriente vers les services appropriés et accompagne les personnes dans leurs démarches administratives et juridiques\nParticipe à la mise en place de projets de développement social afin de favoriser l'insertion et prévenir l'exclusion\nCollabore avec différents partenaires pour optimiser l'aide apportée et améliorer les conditions de vie des personnes",https://candidat.francetravail.fr/marche-du-travail/fichemetierrome?codeRome=K1201
Nettoyage de locaux,services-collectivite,nettoyage-de-locaux,K2204,23340,14.52,,113910,61810,2,Défavorable,L'Agent de nettoyage industriel est responsable de la propreté et l'hygiène des locaux industriels et des machines.\nAssure le nettoyage et la désinfection des surfaces et équipements en veillant au respect des règles d'hygiène et de propreté\nUtilise des machines spécifiques pour le nettoyage en profondeur\nGère l'évacuation des déchets selon les procédures environnementales\nContrôle la qualité de son travail et réajuste les méthodes si nécessaire\nPeut superviser une équipe de nettoyage dans de grands complexes industriels,https://candidat.francetravail.fr/marche-du-travail/fichemetierrome?codeRome=K2204
Sécurité et surveillance privées,services-collectivite,securite-surveillance-privees,K2503,24996,15.55,,227630,81910,3,Neutre,"L'Agent de prévention et de sécurité assure la protection des biens et des personnes. \nSurveille et contrôle l'accès des sites pour garantir la sécurité des biens et des personnes\nIntervient lors des situations d'urgence et gère les incidents de sécurité\nRéalise des rondes de prévention et de détection des anomalies\nInforme et alerte les services compétents (pompiers, forces de l'ordre) en cas de menace sérieuse\nAssure le respect des règles de sécurité au sein des établissements\nGère l'utilisation des équipements de surveillance et d'alarme",https://candidat.francetravail.fr/marche-du-travail/fichemetierrome?codeRome=K2503
Maintenance industrielle,industrie,maintenance-industrielle,I1304,39264,24.43,,61190,182690,5,Très favorable,Le Technicien de maintenance industrielle est responsable de la performance et de la sécurité des équipements industriels. \nAssure la maintenance préventive et corrective des machines et équipements industriels\nDiagnostique les pannes et réalise les réparations nécessaires\nOptimise les processus de maintenance pour améliorer la fiabilité des équipements\nIntervient en urgence sur les équipements pour minimiser les arrêts de production\nRédige des rapports de maintenance et met à jour la documentation technique\nForme et assiste les opérateurs pour une meilleure utilisation des machines,https://candidat.francetravail.fr/marche-du-travail/fichemetierrome?codeRome=I1304
Soudage manuel,industrie,soudage-manuel,H2913,28668,17.84,,33340,50130,5,Très favorable,"Artisan de la précision, le soudeur construit et répare de façon durable des structures métalliques présentes dans de nombreux secteurs d'activité.\nAssemble des pièces de métal par divers procédés de fusion\nSuit les plans et les spécifications pour la soudure des différentes pièces\nContrôle la qualité des soudures et réalise les finitions nécessaires\nRespecte les normes de sécurité strictes pour manipuler les équipements de soudure\nPeut se spécialiser dans des secteurs de haute technicité comme l'aéronautique ou le nucléaire",https://candidat.francetravail.fr/marche-du-travail/fichemetierrome?codeRome=H2913
Pilotage d'installation énergétique et pétrochimique,industrie,pilotage-installation-energetique,H2701,34728,21.61,,3480,3250,4,Favorable,"Surveille et régule à partir d'une salle de commande, une installation de production d'énergie ou de pétrochimie. Intervient selon les règles de sécurité, de sûreté, les normes environnementales et les impératifs de production.\nPeut effectuer des rondes sur les installations. Peut réaliser des opérations de maintenance préventive.\nPeut coordonner une équipe.",https://candidat.francetravail.fr/marche-du-travail/fichemetierrome?codeRome=H2701
Management et ingénierie de production,industrie,management-ingenierie-production,H2502,69120,43.01,,25400,55940,5,Très favorable,"Organise, optimise et supervise des moyens et des procédés de fabrication, dans un objectif de production de biens ou de produits, selon des impératifs de sécurité, environnement, qualité, coûts, délais, quantité.\nPeut encadrer une équipe ou un service et en gérer le budget. \nPeut encadrer d'autres services connexes à la production (maintenance, qualité, ...).",https://candidat.francetravail.fr/marche-du-travail/fichemetierrome?codeRome=H2502
